fips,above_average_vax_rate
01001,FALSE
01003,TRUE
01005,FALSE
01007,FALSE
01009,FALSE
01011,TRUE
01013,FALSE
01015,TRUE
01017,FALSE
01019,FALSE
01021,FALSE
01023,TRUE
01025,TRUE
01027,FALSE
01029,FALSE
01031,FALSE
01033,TRUE
01035,FALSE
01037,FALSE
01039,FALSE
01041,FALSE
01043,FALSE
01045,TRUE
01047,TRUE
01049,FALSE
01051,FALSE
01053,FALSE
01055,FALSE
01057,FALSE
01059,TRUE
01061,FALSE
01063,TRUE
01065,TRUE
01067,FALSE
01069,FALSE
01071,TRUE
01073,TRUE
01075,FALSE
01077,TRUE
01079,TRUE
01081,FALSE
01083,FALSE
01085,TRUE
01087,FALSE
01089,TRUE
01091,TRUE
01093,FALSE
01095,TRUE
01097,TRUE
01099,FALSE
01101,TRUE
01103,FALSE
01105,TRUE
01107,TRUE
01109,FALSE
01111,FALSE
01113,FALSE
01115,FALSE
01117,FALSE
01119,TRUE
01121,FALSE
01123,FALSE
01125,FALSE
01127,TRUE
01129,TRUE
01131,TRUE
01133,FALSE
02013,TRUE
02016,TRUE
02050,TRUE
02060,TRUE
02068,TRUE
02070,TRUE
02090,TRUE
02100,TRUE
02105,TRUE
02122,FALSE
02130,TRUE
02150,TRUE
02164,TRUE
02170,FALSE
02180,TRUE
02185,FALSE
02188,TRUE
02290,TRUE
04001,TRUE
04003,TRUE
04005,TRUE
04007,TRUE
04009,TRUE
04011,FALSE
04012,FALSE
04013,TRUE
04015,FALSE
04017,TRUE
04019,TRUE
04021,TRUE
04023,TRUE
04025,FALSE
04027,TRUE
05001,TRUE
05003,TRUE
05005,FALSE
05007,TRUE
05009,FALSE
05011,TRUE
05013,FALSE
05015,FALSE
05017,TRUE
05019,FALSE
05021,FALSE
05023,FALSE
05025,TRUE
05027,FALSE
05029,TRUE
05031,FALSE
05033,FALSE
05035,FALSE
05037,TRUE
05039,TRUE
05041,TRUE
05043,FALSE
05045,FALSE
05047,FALSE
05049,FALSE
05051,FALSE
05053,FALSE
05055,FALSE
05057,FALSE
05059,FALSE
05061,TRUE
05063,FALSE
05065,FALSE
05067,FALSE
05069,FALSE
05071,TRUE
05073,FALSE
05075,FALSE
05077,FALSE
05079,FALSE
05081,FALSE
05083,FALSE
05085,FALSE
05087,FALSE
05089,FALSE
05091,FALSE
05093,FALSE
05095,TRUE
05097,FALSE
05099,FALSE
05101,FALSE
05103,TRUE
05105,TRUE
05107,TRUE
05109,FALSE
05111,FALSE
05113,FALSE
05115,TRUE
05117,FALSE
05119,TRUE
05121,FALSE
05123,TRUE
05125,FALSE
05127,TRUE
05129,FALSE
05131,TRUE
05133,FALSE
05135,FALSE
05137,FALSE
05139,TRUE
05141,FALSE
05143,TRUE
05145,FALSE
05147,TRUE
05149,FALSE
06001,TRUE
06005,TRUE
06007,TRUE
06009,TRUE
06011,TRUE
06013,TRUE
06015,FALSE
06017,TRUE
06019,TRUE
06021,TRUE
06023,TRUE
06025,TRUE
06029,TRUE
06031,FALSE
06033,TRUE
06035,FALSE
06037,TRUE
06039,TRUE
06041,TRUE
06045,TRUE
06047,TRUE
06053,TRUE
06055,TRUE
06057,TRUE
06059,TRUE
06061,TRUE
06065,TRUE
06067,TRUE
06069,TRUE
06071,TRUE
06073,TRUE
06077,TRUE
06079,TRUE
06081,TRUE
06083,TRUE
06085,TRUE
06087,TRUE
06089,TRUE
06093,TRUE
06095,TRUE
06097,TRUE
06099,TRUE
06101,TRUE
06103,FALSE
06107,TRUE
06109,TRUE
06111,TRUE
06113,TRUE
06115,TRUE
08001,TRUE
08003,TRUE
08005,TRUE
08007,TRUE
08011,FALSE
08013,TRUE
08015,TRUE
08019,FALSE
08021,FALSE
08025,FALSE
08027,FALSE
08029,FALSE
08033,FALSE
08035,TRUE
08037,TRUE
08039,FALSE
08041,TRUE
08043,FALSE
08045,TRUE
08047,TRUE
08049,TRUE
08051,TRUE
08055,TRUE
08059,TRUE
08061,FALSE
08063,FALSE
08065,TRUE
08067,TRUE
08069,TRUE
08075,FALSE
08077,FALSE
08081,FALSE
08083,TRUE
08085,FALSE
08087,FALSE
08089,FALSE
08091,TRUE
08093,FALSE
08095,TRUE
08097,TRUE
08099,FALSE
08101,TRUE
08103,FALSE
08105,TRUE
08107,TRUE
08109,FALSE
08111,TRUE
08113,TRUE
08115,TRUE
08117,TRUE
08119,FALSE
08121,FALSE
08123,TRUE
08125,FALSE
09001,TRUE
09003,TRUE
09005,TRUE
09007,TRUE
09009,TRUE
09011,TRUE
09013,TRUE
09015,TRUE
010001,TRUE
010003,TRUE
010005,TRUE
12001,TRUE
12003,FALSE
12005,TRUE
12007,FALSE
12009,TRUE
12011,TRUE
12013,FALSE
12015,TRUE
12017,TRUE
12019,TRUE
12021,TRUE
12023,FALSE
12027,FALSE
12029,FALSE
12031,TRUE
12033,TRUE
12035,TRUE
12037,FALSE
12039,TRUE
12041,FALSE
12043,FALSE
12045,TRUE
12047,FALSE
12049,FALSE
12051,TRUE
12053,TRUE
12055,TRUE
12057,TRUE
12059,FALSE
12061,TRUE
12063,FALSE
12065,TRUE
12067,FALSE
12069,TRUE
12071,TRUE
12073,TRUE
12075,FALSE
12077,FALSE
12079,FALSE
12081,TRUE
12083,TRUE
12085,TRUE
12086,TRUE
12087,TRUE
12089,TRUE
12091,TRUE
12093,FALSE
12095,TRUE
12097,TRUE
12099,TRUE
12101,TRUE
12103,TRUE
12105,TRUE
12107,FALSE
12109,TRUE
12111,TRUE
12113,TRUE
12115,TRUE
12117,TRUE
12119,TRUE
12121,FALSE
12123,FALSE
12125,FALSE
12127,TRUE
12129,FALSE
12131,TRUE
12133,FALSE
13001,FALSE
13003,FALSE
13007,FALSE
13009,FALSE
13011,FALSE
13015,FALSE
13017,FALSE
13021,FALSE
13023,FALSE
13025,FALSE
13027,FALSE
13029,FALSE
13031,FALSE
13033,TRUE
13035,FALSE
13037,FALSE
13039,FALSE
13043,FALSE
13045,FALSE
13047,FALSE
13049,FALSE
13051,FALSE
13053,TRUE
13055,FALSE
13057,FALSE
13059,FALSE
13061,FALSE
13063,FALSE
13065,FALSE
13067,FALSE
13069,FALSE
13071,FALSE
13073,FALSE
13075,FALSE
13077,FALSE
13079,FALSE
13081,FALSE
13083,FALSE
13085,FALSE
13087,FALSE
13089,FALSE
13091,FALSE
13093,FALSE
13097,FALSE
13101,FALSE
13103,FALSE
13105,FALSE
13107,FALSE
13111,FALSE
13113,FALSE
13117,FALSE
13121,FALSE
13123,FALSE
13125,FALSE
13127,TRUE
13131,FALSE
13133,FALSE
13135,FALSE
13137,FALSE
13139,FALSE
13141,FALSE
13143,FALSE
13145,FALSE
13147,FALSE
13151,FALSE
13153,FALSE
13155,FALSE
13157,FALSE
13159,FALSE
13161,FALSE
13163,FALSE
13165,FALSE
13167,FALSE
13169,FALSE
13171,FALSE
13173,FALSE
13175,FALSE
13179,TRUE
13181,FALSE
13183,FALSE
13185,FALSE
13189,FALSE
13191,FALSE
13197,FALSE
13199,FALSE
13201,FALSE
13205,FALSE
13209,FALSE
13211,FALSE
13213,FALSE
13215,FALSE
13217,FALSE
13221,FALSE
13223,FALSE
13225,FALSE
13227,FALSE
13229,FALSE
13231,FALSE
13235,FALSE
13237,FALSE
13239,FALSE
13241,FALSE
13243,FALSE
13245,FALSE
13247,FALSE
13251,FALSE
13253,FALSE
13255,FALSE
13257,FALSE
13259,FALSE
13261,FALSE
13263,FALSE
13265,FALSE
13267,FALSE
13269,FALSE
13271,FALSE
13273,FALSE
13275,FALSE
13277,FALSE
13279,FALSE
13281,FALSE
13283,FALSE
13287,FALSE
13289,FALSE
13291,FALSE
13293,FALSE
13295,FALSE
13297,FALSE
13299,FALSE
13301,FALSE
13303,FALSE
13305,FALSE
13307,FALSE
13309,FALSE
13311,FALSE
13313,FALSE
13315,FALSE
13319,FALSE
13321,FALSE
16001,TRUE
16003,FALSE
16005,TRUE
16007,FALSE
16009,TRUE
16011,FALSE
16013,TRUE
16015,FALSE
16017,FALSE
16019,TRUE
16021,FALSE
16023,FALSE
16025,FALSE
16027,FALSE
16029,FALSE
16031,FALSE
16033,FALSE
16035,FALSE
16037,FALSE
16039,TRUE
16041,FALSE
16043,FALSE
16045,FALSE
16047,FALSE
16049,FALSE
16051,FALSE
16053,FALSE
16055,FALSE
16057,TRUE
16059,FALSE
16061,TRUE
16063,FALSE
16065,TRUE
16067,FALSE
16069,TRUE
16071,FALSE
16073,FALSE
16075,FALSE
16077,TRUE
16079,FALSE
16081,TRUE
16083,FALSE
16085,TRUE
16087,FALSE
17001,TRUE
17003,FALSE
17005,TRUE
17007,TRUE
17009,FALSE
17011,TRUE
17013,TRUE
17015,TRUE
17017,TRUE
17019,TRUE
17021,FALSE
17023,TRUE
17025,FALSE
17027,TRUE
17029,FALSE
17031,TRUE
17033,FALSE
17035,FALSE
17037,TRUE
17039,TRUE
17041,FALSE
17043,TRUE
17045,FALSE
17047,FALSE
17049,TRUE
17051,FALSE
17053,TRUE
17055,FALSE
17057,TRUE
17059,TRUE
17061,FALSE
17063,TRUE
17065,FALSE
17067,FALSE
17069,FALSE
17071,FALSE
17073,TRUE
17075,FALSE
17077,TRUE
17079,FALSE
17081,FALSE
17083,TRUE
17085,TRUE
17087,FALSE
17089,TRUE
17091,TRUE
17093,TRUE
17095,TRUE
17097,TRUE
17099,TRUE
17101,FALSE
17103,TRUE
17105,TRUE
17107,TRUE
17109,FALSE
17111,TRUE
17113,TRUE
17115,TRUE
17117,TRUE
17119,TRUE
17121,FALSE
17123,TRUE
17125,TRUE
17127,FALSE
17129,TRUE
17131,TRUE
17133,TRUE
17135,TRUE
17137,TRUE
17139,FALSE
17141,TRUE
17143,TRUE
17145,FALSE
17147,TRUE
17149,FALSE
17151,FALSE
17153,FALSE
17155,TRUE
17157,FALSE
17159,FALSE
17161,TRUE
17163,TRUE
17165,TRUE
17167,TRUE
17169,TRUE
17171,FALSE
17173,FALSE
17175,TRUE
17177,TRUE
17179,TRUE
17181,TRUE
17183,FALSE
17185,TRUE
17187,TRUE
17189,TRUE
17191,FALSE
17193,TRUE
17195,TRUE
17197,TRUE
17199,TRUE
17201,TRUE
17203,TRUE
18001,FALSE
18003,TRUE
18005,TRUE
18009,FALSE
18011,TRUE
18013,FALSE
18015,FALSE
18017,FALSE
18019,TRUE
18021,TRUE
18023,FALSE
18025,FALSE
18027,FALSE
18029,TRUE
18031,FALSE
18033,FALSE
18035,FALSE
18037,TRUE
18039,FALSE
18041,FALSE
18043,TRUE
18045,FALSE
18047,FALSE
18049,FALSE
18051,FALSE
18053,FALSE
18055,FALSE
18057,TRUE
18059,TRUE
18061,TRUE
18063,TRUE
18065,TRUE
18067,FALSE
18069,FALSE
18071,TRUE
18073,FALSE
18075,FALSE
18077,TRUE
18079,FALSE
18081,TRUE
18083,FALSE
18085,FALSE
18087,FALSE
18089,TRUE
18091,TRUE
18093,FALSE
18095,TRUE
18097,TRUE
18099,FALSE
18101,FALSE
18103,FALSE
18105,TRUE
18107,FALSE
18109,TRUE
18111,FALSE
18113,FALSE
18115,TRUE
18117,TRUE
18119,FALSE
18121,FALSE
18123,TRUE
18125,TRUE
18127,TRUE
18129,FALSE
18131,FALSE
18133,FALSE
18135,FALSE
18137,FALSE
18139,FALSE
18141,TRUE
18143,FALSE
18145,TRUE
18147,FALSE
18149,FALSE
18151,FALSE
18153,FALSE
18155,FALSE
18157,TRUE
18159,FALSE
18161,FALSE
18163,TRUE
18165,FALSE
18167,FALSE
18169,FALSE
18171,FALSE
18173,TRUE
18175,FALSE
18177,FALSE
18179,FALSE
18181,TRUE
18183,FALSE
19001,FALSE
19003,TRUE
19005,TRUE
19007,FALSE
19009,TRUE
19011,TRUE
19013,TRUE
19015,TRUE
19017,TRUE
19019,TRUE
19021,TRUE
19023,TRUE
19025,TRUE
19027,TRUE
19029,TRUE
19031,TRUE
19033,TRUE
19035,TRUE
19037,TRUE
19039,TRUE
19041,TRUE
19043,FALSE
19045,TRUE
19047,TRUE
19049,TRUE
19051,FALSE
19053,FALSE
19055,TRUE
19057,TRUE
19059,TRUE
19061,TRUE
19063,FALSE
19065,TRUE
19067,TRUE
19069,TRUE
19071,TRUE
19073,TRUE
19075,TRUE
19077,TRUE
19079,TRUE
19081,FALSE
19083,TRUE
19085,TRUE
19087,TRUE
19089,TRUE
19091,FALSE
19093,TRUE
19095,TRUE
19097,TRUE
19099,TRUE
19101,FALSE
19103,TRUE
19105,TRUE
19107,FALSE
19109,TRUE
19111,FALSE
19113,TRUE
19115,TRUE
19117,FALSE
19119,FALSE
19121,TRUE
19123,FALSE
19125,TRUE
19127,TRUE
19129,TRUE
19131,FALSE
19133,TRUE
19135,FALSE
19137,TRUE
19139,TRUE
19141,TRUE
19143,FALSE
19145,TRUE
19147,TRUE
19149,TRUE
19151,TRUE
19153,TRUE
19155,TRUE
19157,TRUE
19159,TRUE
19161,TRUE
19163,TRUE
19165,TRUE
19167,FALSE
19169,TRUE
19171,TRUE
19173,FALSE
19175,TRUE
19177,FALSE
19179,FALSE
19181,TRUE
19183,TRUE
19185,FALSE
19187,TRUE
19189,TRUE
19191,TRUE
19193,TRUE
19195,FALSE
19197,TRUE
20001,FALSE
20003,FALSE
20005,FALSE
20007,FALSE
20009,FALSE
20011,FALSE
20013,TRUE
20015,FALSE
20017,FALSE
20019,FALSE
20021,FALSE
20023,FALSE
20025,FALSE
20027,TRUE
20029,FALSE
20031,TRUE
20033,FALSE
20035,FALSE
20037,FALSE
20039,FALSE
20041,TRUE
20043,FALSE
20045,TRUE
20047,FALSE
20049,FALSE
20051,FALSE
20053,TRUE
20055,TRUE
20057,FALSE
20059,TRUE
20061,TRUE
20063,TRUE
20065,TRUE
20067,FALSE
20069,FALSE
20071,TRUE
20073,FALSE
20075,FALSE
20077,FALSE
20079,FALSE
20081,FALSE
20083,FALSE
20085,TRUE
20087,TRUE
20089,FALSE
20091,TRUE
20093,TRUE
20095,FALSE
20097,TRUE
20099,FALSE
20101,FALSE
20103,TRUE
20105,FALSE
20107,FALSE
20109,FALSE
20111,TRUE
20113,TRUE
20115,FALSE
20117,TRUE
20119,FALSE
20121,FALSE
20123,TRUE
20125,FALSE
20127,TRUE
20129,FALSE
20131,TRUE
20133,FALSE
20135,TRUE
20137,FALSE
20139,TRUE
20141,FALSE
20143,FALSE
20145,FALSE
20147,FALSE
20149,FALSE
20151,FALSE
20153,FALSE
20155,FALSE
20157,TRUE
20159,FALSE
20161,FALSE
20163,FALSE
20165,TRUE
20167,FALSE
20169,FALSE
20171,FALSE
20173,TRUE
20175,TRUE
20177,TRUE
20179,FALSE
20181,FALSE
20183,FALSE
20185,FALSE
20187,TRUE
20189,FALSE
20191,FALSE
20193,FALSE
20195,FALSE
20197,FALSE
20199,FALSE
20201,TRUE
20203,TRUE
20205,FALSE
20207,FALSE
20209,TRUE
21001,FALSE
21003,FALSE
21005,TRUE
21007,FALSE
21009,FALSE
21011,TRUE
21013,FALSE
21015,TRUE
21017,TRUE
21019,FALSE
21021,TRUE
21023,FALSE
21025,TRUE
21027,FALSE
21029,FALSE
21031,FALSE
21033,TRUE
21035,FALSE
21037,TRUE
21039,FALSE
21041,TRUE
21043,FALSE
21045,FALSE
21049,TRUE
21051,FALSE
21053,FALSE
21055,FALSE
21057,FALSE
21059,TRUE
21061,FALSE
21063,FALSE
21065,TRUE
21067,TRUE
21069,TRUE
21071,TRUE
21073,TRUE
21075,TRUE
21077,FALSE
21079,TRUE
21081,TRUE
21083,FALSE
21085,TRUE
21087,FALSE
21089,TRUE
21091,TRUE
21093,TRUE
21095,FALSE
21097,FALSE
21099,FALSE
21101,TRUE
21103,TRUE
21105,FALSE
21107,TRUE
21109,FALSE
21111,TRUE
21113,TRUE
21115,TRUE
21117,TRUE
21119,FALSE
21121,FALSE
21123,FALSE
21125,FALSE
21127,FALSE
21129,FALSE
21131,TRUE
21133,TRUE
21135,FALSE
21137,FALSE
21139,FALSE
21141,TRUE
21143,TRUE
21145,TRUE
21147,FALSE
21149,TRUE
21151,TRUE
21153,TRUE
21155,TRUE
21157,TRUE
21159,TRUE
21161,TRUE
21163,FALSE
21165,FALSE
21167,TRUE
21169,FALSE
21171,FALSE
21173,TRUE
21175,FALSE
21177,FALSE
21179,TRUE
21181,TRUE
21183,FALSE
21185,TRUE
21187,FALSE
21189,FALSE
21191,FALSE
21193,TRUE
21195,TRUE
21197,TRUE
21199,TRUE
21201,FALSE
21203,FALSE
21205,TRUE
21207,FALSE
21209,TRUE
21211,TRUE
21213,TRUE
21215,FALSE
21217,TRUE
21219,FALSE
21221,FALSE
21223,FALSE
21225,FALSE
21227,FALSE
21229,TRUE
21231,FALSE
21233,FALSE
21235,FALSE
21237,TRUE
21239,TRUE
22001,TRUE
22003,FALSE
22005,TRUE
22007,FALSE
22009,FALSE
22011,FALSE
22013,FALSE
22015,FALSE
22017,FALSE
22019,FALSE
22021,FALSE
22023,FALSE
22025,FALSE
22027,FALSE
22029,FALSE
22031,FALSE
22033,TRUE
22035,FALSE
22037,FALSE
22039,FALSE
22041,FALSE
22043,FALSE
22045,FALSE
22047,TRUE
22049,FALSE
22051,TRUE
22053,FALSE
22055,TRUE
22057,FALSE
22061,FALSE
22063,FALSE
22065,FALSE
22067,FALSE
22069,FALSE
22071,TRUE
22073,FALSE
22075,TRUE
22077,TRUE
22079,TRUE
22081,FALSE
22083,FALSE
22085,FALSE
22087,FALSE
22089,TRUE
22091,FALSE
22093,TRUE
22095,TRUE
22097,FALSE
22099,FALSE
22101,FALSE
22103,TRUE
22105,FALSE
22107,TRUE
22109,FALSE
22111,FALSE
22113,FALSE
22115,TRUE
22117,FALSE
22119,FALSE
22121,TRUE
22123,FALSE
22125,TRUE
22127,FALSE
23001,TRUE
23003,TRUE
23005,TRUE
23007,TRUE
23009,TRUE
23011,TRUE
23013,TRUE
23015,TRUE
23017,TRUE
23019,TRUE
23021,TRUE
23023,TRUE
23025,TRUE
23027,TRUE
23029,TRUE
23031,TRUE
24001,TRUE
24003,TRUE
24005,TRUE
24009,TRUE
24011,TRUE
24013,TRUE
24015,TRUE
24017,TRUE
24019,TRUE
24021,TRUE
24023,FALSE
24025,TRUE
24027,TRUE
24029,TRUE
24031,TRUE
24033,TRUE
24035,TRUE
24037,TRUE
24039,FALSE
24041,TRUE
24043,TRUE
24045,TRUE
24047,TRUE
24510,TRUE
25001,FALSE
25003,TRUE
25005,TRUE
25007,FALSE
25009,TRUE
25011,TRUE
25013,TRUE
25015,TRUE
25017,TRUE
25021,TRUE
25023,TRUE
25025,TRUE
25027,TRUE
26001,TRUE
26003,TRUE
26005,TRUE
26007,TRUE
26009,TRUE
26011,TRUE
26013,TRUE
26015,FALSE
26017,TRUE
26019,TRUE
26021,TRUE
26023,FALSE
26025,TRUE
26027,FALSE
26029,TRUE
26031,TRUE
26033,TRUE
26035,FALSE
26037,TRUE
26039,FALSE
26041,TRUE
26043,TRUE
26045,TRUE
26047,TRUE
26049,FALSE
26051,FALSE
26053,TRUE
26055,TRUE
26057,FALSE
26059,FALSE
26061,TRUE
26063,TRUE
26065,TRUE
26067,FALSE
26069,TRUE
26071,TRUE
26073,FALSE
26075,TRUE
26077,TRUE
26079,FALSE
26081,TRUE
26083,TRUE
26085,TRUE
26087,FALSE
26089,TRUE
26091,TRUE
26093,TRUE
26095,FALSE
26097,TRUE
26099,TRUE
26101,TRUE
26103,TRUE
26105,TRUE
26107,FALSE
26109,TRUE
26111,TRUE
26113,FALSE
26115,TRUE
26117,FALSE
26119,TRUE
26121,TRUE
26123,FALSE
26125,TRUE
26127,TRUE
26129,FALSE
26131,TRUE
26133,FALSE
26135,FALSE
26137,TRUE
26139,TRUE
26141,TRUE
26143,TRUE
26145,TRUE
26147,FALSE
26149,FALSE
26151,FALSE
26153,TRUE
26155,FALSE
26157,FALSE
26159,TRUE
26161,TRUE
26163,TRUE
26165,TRUE
27001,TRUE
27003,TRUE
27005,TRUE
27007,TRUE
27009,FALSE
27011,TRUE
27013,TRUE
27015,TRUE
27017,TRUE
27019,TRUE
27021,TRUE
27023,TRUE
27025,TRUE
27027,FALSE
27029,FALSE
27031,TRUE
27033,TRUE
27035,TRUE
27037,TRUE
27039,TRUE
27041,TRUE
27043,TRUE
27045,TRUE
27047,TRUE
27049,TRUE
27051,TRUE
27053,TRUE
27055,FALSE
27057,FALSE
27059,FALSE
27061,TRUE
27063,FALSE
27065,FALSE
27067,TRUE
27069,TRUE
27071,TRUE
27073,TRUE
27075,TRUE
27077,TRUE
27079,FALSE
27081,FALSE
27083,TRUE
27085,TRUE
27087,TRUE
27089,FALSE
27091,TRUE
27093,FALSE
27095,TRUE
27097,FALSE
27099,TRUE
27101,TRUE
27103,TRUE
27105,TRUE
27107,TRUE
27109,TRUE
27111,FALSE
27115,FALSE
27117,TRUE
27119,FALSE
27121,TRUE
27123,TRUE
27125,TRUE
27127,TRUE
27129,TRUE
27131,TRUE
27133,TRUE
27135,TRUE
27137,TRUE
27139,TRUE
27141,FALSE
27143,FALSE
27145,TRUE
27147,TRUE
27149,TRUE
27151,TRUE
27153,FALSE
27155,TRUE
27157,TRUE
27159,TRUE
27163,TRUE
27165,TRUE
27167,FALSE
27169,TRUE
27171,TRUE
27173,TRUE
28001,TRUE
28003,FALSE
28005,FALSE
28007,TRUE
28009,TRUE
28011,TRUE
28013,FALSE
28015,FALSE
28017,TRUE
28019,FALSE
28021,TRUE
28023,TRUE
28025,FALSE
28027,TRUE
28029,TRUE
28031,TRUE
28033,TRUE
28035,FALSE
28037,FALSE
28039,FALSE
28041,FALSE
28043,TRUE
28045,FALSE
28047,TRUE
28049,TRUE
28051,TRUE
28053,TRUE
28055,FALSE
28057,FALSE
28059,FALSE
28061,TRUE
28063,TRUE
28065,FALSE
28067,FALSE
28069,FALSE
28071,TRUE
28073,TRUE
28075,TRUE
28077,TRUE
28079,FALSE
28081,FALSE
28083,TRUE
28085,FALSE
28087,TRUE
28089,TRUE
28091,FALSE
28093,TRUE
28095,TRUE
28097,TRUE
28099,FALSE
28101,TRUE
28103,TRUE
28105,FALSE
28107,FALSE
28109,FALSE
28111,FALSE
28113,TRUE
28115,FALSE
28117,FALSE
28119,TRUE
28121,TRUE
28123,TRUE
28125,TRUE
28127,FALSE
28129,FALSE
28131,FALSE
28133,TRUE
28135,FALSE
28137,FALSE
28139,FALSE
28141,FALSE
28143,TRUE
28145,FALSE
28147,FALSE
28149,TRUE
28151,TRUE
28153,FALSE
28155,TRUE
28157,TRUE
28159,FALSE
28161,TRUE
28163,FALSE
29001,FALSE
29003,FALSE
29005,TRUE
29007,FALSE
29009,FALSE
29011,FALSE
29013,FALSE
29015,FALSE
29017,FALSE
29019,TRUE
29021,FALSE
29023,FALSE
29025,FALSE
29027,FALSE
29029,FALSE
29031,FALSE
29033,TRUE
29035,FALSE
29037,TRUE
29039,FALSE
29041,FALSE
29043,FALSE
29045,FALSE
29047,TRUE
29049,FALSE
29051,TRUE
29053,FALSE
29055,FALSE
29057,FALSE
29059,FALSE
29061,FALSE
29063,FALSE
29065,FALSE
29067,FALSE
29069,FALSE
29071,TRUE
29073,TRUE
29075,FALSE
29077,FALSE
29079,FALSE
29081,FALSE
29083,FALSE
29085,FALSE
29087,FALSE
29089,FALSE
29091,FALSE
29093,FALSE
29095,TRUE
29097,FALSE
29099,FALSE
29101,FALSE
29103,FALSE
29105,FALSE
29107,FALSE
29109,FALSE
29111,FALSE
29113,FALSE
29115,FALSE
29117,FALSE
29119,FALSE
29121,FALSE
29123,FALSE
29125,FALSE
29127,FALSE
29129,FALSE
29131,FALSE
29133,FALSE
29135,FALSE
29137,FALSE
29139,TRUE
29141,FALSE
29143,FALSE
29145,FALSE
29147,FALSE
29149,FALSE
29151,FALSE
29153,FALSE
29155,FALSE
29157,FALSE
29159,FALSE
29161,FALSE
29163,FALSE
29165,TRUE
29167,FALSE
29169,TRUE
29171,FALSE
29173,FALSE
29175,FALSE
29177,FALSE
29179,FALSE
29181,FALSE
29183,TRUE
29185,FALSE
29186,FALSE
29187,FALSE
29189,TRUE
29195,FALSE
29197,FALSE
29199,FALSE
29201,FALSE
29203,FALSE
29205,FALSE
29207,FALSE
29209,FALSE
29211,FALSE
29213,FALSE
29215,FALSE
29217,FALSE
29219,FALSE
29221,FALSE
29223,FALSE
29225,FALSE
29227,FALSE
29229,FALSE
29510,TRUE
30001,FALSE
30003,TRUE
30005,TRUE
30007,FALSE
30009,FALSE
30011,FALSE
30013,TRUE
30015,FALSE
30017,FALSE
30019,FALSE
30021,FALSE
30023,FALSE
30025,FALSE
30027,FALSE
30029,FALSE
30031,TRUE
30033,FALSE
30035,TRUE
30037,FALSE
30039,FALSE
30041,TRUE
30043,FALSE
30045,FALSE
30047,TRUE
30049,TRUE
30053,FALSE
30055,FALSE
30057,FALSE
30059,FALSE
30061,TRUE
30063,TRUE
30065,FALSE
30067,TRUE
30069,FALSE
30071,FALSE
30073,TRUE
30075,FALSE
30077,FALSE
30079,FALSE
30081,FALSE
30083,FALSE
30085,TRUE
30087,TRUE
30089,FALSE
30091,FALSE
30093,TRUE
30095,FALSE
30097,FALSE
30099,FALSE
30101,FALSE
30103,FALSE
30105,FALSE
30107,FALSE
30109,FALSE
31025,TRUE
31031,FALSE
31055,TRUE
31057,FALSE
31109,TRUE
31177,TRUE
32001,FALSE
32003,TRUE
32005,FALSE
32007,FALSE
32009,FALSE
32011,FALSE
32013,FALSE
32015,FALSE
32017,FALSE
32019,FALSE
32021,TRUE
32023,FALSE
32027,FALSE
32029,FALSE
32031,TRUE
32033,TRUE
32510,TRUE
33001,TRUE
33003,TRUE
33005,TRUE
33007,TRUE
33009,TRUE
33011,TRUE
33013,TRUE
33015,TRUE
33017,TRUE
33019,TRUE
34001,TRUE
34003,TRUE
34005,TRUE
34007,TRUE
34009,TRUE
34011,TRUE
34013,TRUE
34015,TRUE
34017,TRUE
34019,TRUE
34021,TRUE
34023,TRUE
34025,TRUE
34027,TRUE
34029,TRUE
34031,TRUE
34033,TRUE
34035,TRUE
34037,TRUE
34039,TRUE
34041,TRUE
35031,TRUE
36001,TRUE
36003,FALSE
36005,TRUE
36007,TRUE
36009,TRUE
36011,TRUE
36013,TRUE
36015,TRUE
36017,TRUE
36019,TRUE
36021,TRUE
36023,TRUE
36025,TRUE
36027,TRUE
36029,TRUE
36031,TRUE
36033,TRUE
36035,TRUE
36037,TRUE
36039,TRUE
36041,TRUE
36043,TRUE
36045,TRUE
36047,TRUE
36049,FALSE
36051,TRUE
36053,TRUE
36055,TRUE
36057,TRUE
36059,TRUE
36061,TRUE
36063,TRUE
36065,TRUE
36067,TRUE
36069,TRUE
36071,TRUE
36073,TRUE
36075,TRUE
36077,TRUE
36079,TRUE
36081,TRUE
36083,TRUE
36085,TRUE
36087,TRUE
36089,TRUE
36091,TRUE
36093,TRUE
36095,TRUE
36097,TRUE
36099,TRUE
36101,TRUE
36103,TRUE
36105,TRUE
36107,TRUE
36109,TRUE
36111,TRUE
36113,TRUE
36115,TRUE
36117,TRUE
36119,TRUE
36121,FALSE
36123,TRUE
37001,TRUE
37003,FALSE
37005,TRUE
37007,FALSE
37009,TRUE
37011,TRUE
37013,TRUE
37015,TRUE
37017,FALSE
37019,TRUE
37021,TRUE
37023,FALSE
37025,TRUE
37027,FALSE
37029,FALSE
37031,FALSE
37033,TRUE
37035,TRUE
37037,TRUE
37039,TRUE
37041,TRUE
37043,FALSE
37045,TRUE
37047,FALSE
37049,TRUE
37051,TRUE
37053,TRUE
37055,TRUE
37057,FALSE
37059,TRUE
37061,FALSE
37063,TRUE
37065,FALSE
37067,TRUE
37069,TRUE
37071,TRUE
37073,TRUE
37075,TRUE
37077,TRUE
37079,FALSE
37081,TRUE
37083,TRUE
37085,FALSE
37087,TRUE
37089,TRUE
37091,FALSE
37093,FALSE
37095,TRUE
37097,TRUE
37099,TRUE
37101,TRUE
37103,FALSE
37105,TRUE
37107,TRUE
37109,TRUE
37111,FALSE
37113,FALSE
37115,FALSE
37117,TRUE
37119,TRUE
37121,TRUE
37123,FALSE
37125,TRUE
37127,TRUE
37129,TRUE
37131,FALSE
37133,TRUE
37135,TRUE
37137,TRUE
37139,TRUE
37141,TRUE
37143,FALSE
37145,TRUE
37147,TRUE
37149,FALSE
37151,FALSE
37153,TRUE
37155,FALSE
37157,TRUE
37159,FALSE
37161,FALSE
37163,TRUE
37165,FALSE
37167,FALSE
37169,FALSE
37171,TRUE
37173,TRUE
37175,TRUE
37177,FALSE
37179,TRUE
37181,TRUE
37183,TRUE
37185,FALSE
37187,TRUE
37189,TRUE
37191,TRUE
37193,TRUE
37195,TRUE
37197,TRUE
37199,TRUE
38001,TRUE
38003,TRUE
38005,TRUE
38007,FALSE
38009,FALSE
38011,FALSE
38013,FALSE
38015,TRUE
38017,TRUE
38019,TRUE
38021,TRUE
38023,FALSE
38025,FALSE
38027,TRUE
38029,FALSE
38031,TRUE
38033,FALSE
38035,TRUE
38037,FALSE
38039,FALSE
38041,FALSE
38043,FALSE
38045,TRUE
38047,FALSE
38049,FALSE
38051,FALSE
38053,FALSE
38055,FALSE
38057,FALSE
38059,FALSE
38061,TRUE
38063,TRUE
38065,FALSE
38067,TRUE
38069,FALSE
38071,TRUE
38073,TRUE
38075,FALSE
38077,TRUE
38079,TRUE
38081,TRUE
38083,FALSE
38085,TRUE
38087,FALSE
38089,FALSE
38091,FALSE
38093,TRUE
38095,FALSE
38097,TRUE
38099,TRUE
38101,FALSE
38103,FALSE
38105,FALSE
39001,FALSE
39003,FALSE
39005,FALSE
39007,TRUE
39009,FALSE
39011,FALSE
39013,FALSE
39015,FALSE
39017,TRUE
39019,FALSE
39021,FALSE
39023,FALSE
39025,TRUE
39027,FALSE
39029,FALSE
39031,FALSE
39033,FALSE
39035,TRUE
39037,FALSE
39039,FALSE
39041,TRUE
39043,TRUE
39045,TRUE
39047,FALSE
39049,TRUE
39051,TRUE
39053,FALSE
39055,TRUE
39057,TRUE
39059,FALSE
39061,TRUE
39063,FALSE
39065,FALSE
39067,FALSE
39069,TRUE
39071,FALSE
39073,FALSE
39075,FALSE
39077,FALSE
39079,FALSE
39081,FALSE
39083,FALSE
39085,TRUE
39087,FALSE
39089,TRUE
39091,FALSE
39093,TRUE
39095,TRUE
39097,FALSE
39099,TRUE
39101,FALSE
39103,TRUE
39105,FALSE
39107,FALSE
39109,FALSE
39111,FALSE
39113,TRUE
39115,FALSE
39117,FALSE
39119,FALSE
39121,FALSE
39123,TRUE
39125,FALSE
39127,FALSE
39129,FALSE
39131,FALSE
39133,TRUE
39135,FALSE
39137,FALSE
39139,FALSE
39141,FALSE
39143,TRUE
39145,FALSE
39147,FALSE
39149,FALSE
39151,TRUE
39153,TRUE
39155,TRUE
39157,FALSE
39159,TRUE
39161,FALSE
39163,FALSE
39165,TRUE
39167,TRUE
39169,FALSE
39171,FALSE
39173,TRUE
39175,FALSE
40001,FALSE
40003,FALSE
40005,FALSE
40007,FALSE
40009,FALSE
40011,FALSE
40013,FALSE
40015,TRUE
40017,TRUE
40019,FALSE
40021,FALSE
40023,FALSE
40025,FALSE
40027,TRUE
40029,FALSE
40031,TRUE
40033,FALSE
40035,TRUE
40037,FALSE
40039,TRUE
40041,FALSE
40043,FALSE
40045,FALSE
40047,TRUE
40049,TRUE
40051,FALSE
40053,FALSE
40055,FALSE
40057,TRUE
40059,FALSE
40061,FALSE
40063,FALSE
40065,TRUE
40067,FALSE
40069,FALSE
40071,FALSE
40073,TRUE
40075,TRUE
40077,FALSE
40079,FALSE
40081,FALSE
40083,FALSE
40085,FALSE
40087,TRUE
40089,FALSE
40091,TRUE
40093,TRUE
40095,FALSE
40097,FALSE
40099,FALSE
40101,TRUE
40103,TRUE
40105,FALSE
40107,FALSE
40109,TRUE
40111,FALSE
40113,FALSE
40115,FALSE
40117,TRUE
40119,FALSE
40121,FALSE
40123,TRUE
40125,FALSE
40127,FALSE
40131,FALSE
40133,TRUE
40135,FALSE
40137,TRUE
40139,FALSE
40141,TRUE
40143,TRUE
40145,FALSE
40147,FALSE
40149,FALSE
40151,FALSE
40153,FALSE
41001,TRUE
41003,TRUE
41005,TRUE
41007,TRUE
41009,TRUE
41011,TRUE
41013,FALSE
41015,TRUE
41017,TRUE
41019,TRUE
41021,FALSE
41023,FALSE
41025,FALSE
41027,TRUE
41029,TRUE
41031,TRUE
41033,FALSE
41035,TRUE
41037,FALSE
41039,TRUE
41041,TRUE
41043,TRUE
41045,FALSE
41047,TRUE
41049,TRUE
41051,TRUE
41053,TRUE
41055,TRUE
41057,TRUE
41059,TRUE
41061,FALSE
41063,TRUE
41065,TRUE
41067,TRUE
41069,TRUE
41071,TRUE
42001,TRUE
42003,TRUE
42005,TRUE
42007,TRUE
42009,FALSE
42011,TRUE
42013,TRUE
42015,FALSE
42017,TRUE
42019,TRUE
42021,TRUE
42023,TRUE
42025,TRUE
42027,TRUE
42029,TRUE
42031,FALSE
42033,TRUE
42035,FALSE
42037,TRUE
42039,TRUE
42041,TRUE
42043,TRUE
42045,TRUE
42047,TRUE
42049,TRUE
42051,TRUE
42053,TRUE
42055,TRUE
42057,FALSE
42059,TRUE
42061,TRUE
42063,FALSE
42065,TRUE
42067,FALSE
42069,TRUE
42071,TRUE
42073,TRUE
42075,TRUE
42077,TRUE
42079,TRUE
42081,TRUE
42083,TRUE
42085,TRUE
42087,TRUE
42089,TRUE
42091,TRUE
42093,TRUE
42095,TRUE
42097,TRUE
42099,TRUE
42103,TRUE
42107,TRUE
42109,TRUE
42111,TRUE
42113,TRUE
42115,FALSE
42117,FALSE
42119,TRUE
42121,FALSE
42123,TRUE
42125,TRUE
42127,TRUE
42129,TRUE
42131,TRUE
42133,TRUE
44001,TRUE
44003,TRUE
44005,TRUE
44007,TRUE
44009,TRUE
45001,FALSE
45003,FALSE
45005,TRUE
45007,FALSE
45009,TRUE
45011,TRUE
45013,TRUE
45015,TRUE
45017,FALSE
45019,TRUE
45021,FALSE
45023,FALSE
45025,FALSE
45027,FALSE
45029,TRUE
45031,TRUE
45033,FALSE
45035,TRUE
45037,TRUE
45039,TRUE
45041,TRUE
45043,TRUE
45045,TRUE
45047,TRUE
45049,TRUE
45051,TRUE
45053,FALSE
45055,TRUE
45057,TRUE
45059,FALSE
45061,FALSE
45063,TRUE
45065,TRUE
45067,TRUE
45069,FALSE
45071,TRUE
45073,FALSE
45075,TRUE
45077,FALSE
45079,TRUE
45081,FALSE
45083,FALSE
45085,TRUE
45087,FALSE
45089,TRUE
45091,TRUE
46007,TRUE
46013,TRUE
46017,TRUE
46021,FALSE
46031,FALSE
46041,TRUE
46063,FALSE
46085,TRUE
46095,TRUE
46102,TRUE
46117,TRUE
46121,TRUE
46127,TRUE
46135,TRUE
46137,FALSE
47001,TRUE
47003,FALSE
47005,FALSE
47007,FALSE
47009,TRUE
47011,FALSE
47013,FALSE
47015,FALSE
47017,TRUE
47019,FALSE
47021,TRUE
47023,FALSE
47025,FALSE
47027,FALSE
47029,TRUE
47031,TRUE
47033,TRUE
47035,FALSE
47037,TRUE
47039,FALSE
47041,FALSE
47043,TRUE
47045,FALSE
47047,TRUE
47049,FALSE
47051,FALSE
47053,FALSE
47055,FALSE
47057,TRUE
47059,FALSE
47061,FALSE
47063,FALSE
47065,TRUE
47067,FALSE
47069,FALSE
47071,FALSE
47073,FALSE
47075,TRUE
47077,FALSE
47079,FALSE
47081,FALSE
47083,FALSE
47085,FALSE
47087,FALSE
47089,TRUE
47091,FALSE
47093,TRUE
47095,FALSE
47097,FALSE
47099,FALSE
47101,FALSE
47103,FALSE
47105,TRUE
47107,FALSE
47109,TRUE
47111,FALSE
47113,TRUE
47115,FALSE
47117,FALSE
47119,TRUE
47121,TRUE
47123,FALSE
47125,TRUE
47127,FALSE
47129,TRUE
47131,FALSE
47133,FALSE
47135,FALSE
47137,FALSE
47139,FALSE
47141,TRUE
47143,FALSE
47145,FALSE
47147,TRUE
47149,TRUE
47151,FALSE
47153,FALSE
47155,TRUE
47157,TRUE
47159,FALSE
47161,FALSE
47163,TRUE
47165,TRUE
47167,FALSE
47169,FALSE
47171,TRUE
47173,FALSE
47175,TRUE
47177,FALSE
47179,TRUE
47181,FALSE
47183,FALSE
47185,FALSE
47187,TRUE
47189,TRUE
49001,TRUE
49003,TRUE
49005,TRUE
49007,TRUE
49009,TRUE
49011,TRUE
49013,TRUE
49015,FALSE
49017,TRUE
49019,TRUE
49021,FALSE
49023,FALSE
49025,TRUE
49027,TRUE
49029,TRUE
49031,FALSE
49033,TRUE
49035,TRUE
49037,TRUE
49039,FALSE
49041,FALSE
49043,TRUE
49045,TRUE
49047,FALSE
49049,TRUE
49051,TRUE
49053,TRUE
49055,TRUE
49057,TRUE
50001,TRUE
50003,FALSE
50005,FALSE
50007,TRUE
50009,FALSE
50011,FALSE
50013,TRUE
50015,TRUE
50017,TRUE
50019,TRUE
50021,TRUE
50023,FALSE
50025,TRUE
50027,TRUE
51001,TRUE
51003,TRUE
51005,FALSE
51007,FALSE
51009,FALSE
51011,FALSE
51013,TRUE
51015,TRUE
51017,FALSE
51019,FALSE
51021,FALSE
51023,TRUE
51025,TRUE
51027,FALSE
51029,FALSE
51031,FALSE
51033,FALSE
51035,FALSE
51037,FALSE
51041,TRUE
51043,TRUE
51045,FALSE
51047,TRUE
51049,FALSE
51051,TRUE
51053,TRUE
51057,TRUE
51059,TRUE
51061,TRUE
51063,FALSE
51065,TRUE
51067,FALSE
51069,TRUE
51071,FALSE
51073,TRUE
51075,TRUE
51077,FALSE
51079,TRUE
51081,FALSE
51083,FALSE
51085,TRUE
51087,TRUE
51089,FALSE
51091,TRUE
51093,TRUE
51095,TRUE
51097,TRUE
51099,TRUE
51101,TRUE
51103,TRUE
51105,TRUE
51107,TRUE
51109,FALSE
51111,TRUE
51113,TRUE
51115,TRUE
51117,FALSE
51119,TRUE
51121,FALSE
51125,TRUE
51127,TRUE
51131,TRUE
51133,TRUE
51135,FALSE
51137,FALSE
51139,FALSE
51141,FALSE
51143,FALSE
51145,FALSE
51147,FALSE
51149,TRUE
51153,TRUE
51155,FALSE
51157,TRUE
51159,FALSE
51161,TRUE
51163,FALSE
51165,FALSE
51167,TRUE
51169,TRUE
51171,TRUE
51173,TRUE
51175,FALSE
51177,TRUE
51179,TRUE
51181,TRUE
51183,FALSE
51185,FALSE
51187,FALSE
51191,TRUE
51193,TRUE
51195,TRUE
51197,FALSE
51199,TRUE
51520,TRUE
51530,FALSE
51540,TRUE
51570,FALSE
51580,FALSE
51590,FALSE
51595,FALSE
51600,TRUE
51610,TRUE
51620,TRUE
51630,FALSE
51640,FALSE
51650,TRUE
51660,FALSE
51670,FALSE
51678,FALSE
51680,FALSE
51683,TRUE
51685,TRUE
51690,TRUE
51700,TRUE
51710,TRUE
51720,FALSE
51730,FALSE
51735,TRUE
51740,TRUE
51750,FALSE
51760,FALSE
51770,TRUE
51775,TRUE
51790,TRUE
51800,TRUE
51810,TRUE
51820,TRUE
51830,FALSE
51840,TRUE
53001,TRUE
53003,FALSE
53005,TRUE
53007,TRUE
53009,TRUE
53011,TRUE
53013,TRUE
53015,TRUE
53017,TRUE
53019,TRUE
53021,TRUE
53023,TRUE
53025,TRUE
53027,TRUE
53029,TRUE
53031,TRUE
53033,TRUE
53035,TRUE
53037,TRUE
53039,TRUE
53041,TRUE
53043,TRUE
53045,TRUE
53047,TRUE
53049,TRUE
53051,FALSE
53053,TRUE
53055,TRUE
53057,TRUE
53059,FALSE
53061,TRUE
53063,TRUE
53065,FALSE
53067,TRUE
53069,TRUE
53071,TRUE
53073,TRUE
53075,FALSE
53077,TRUE
54001,FALSE
54003,FALSE
54005,FALSE
54007,FALSE
54009,FALSE
54011,FALSE
54013,FALSE
54015,FALSE
54017,FALSE
54019,FALSE
54021,FALSE
54023,FALSE
54025,FALSE
54027,FALSE
54029,FALSE
54031,FALSE
54033,FALSE
54035,FALSE
54037,FALSE
54039,FALSE
54041,FALSE
54043,FALSE
54045,FALSE
54047,FALSE
54049,FALSE
54051,FALSE
54053,FALSE
54055,TRUE
54057,FALSE
54059,FALSE
54061,FALSE
54063,FALSE
54065,FALSE
54067,FALSE
54069,FALSE
54071,FALSE
54073,FALSE
54075,FALSE
54077,FALSE
54079,FALSE
54081,FALSE
54083,FALSE
54085,FALSE
54087,FALSE
54089,FALSE
54091,FALSE
54093,FALSE
54095,FALSE
54097,FALSE
54099,FALSE
54101,FALSE
54103,FALSE
54105,FALSE
54107,FALSE
54109,FALSE
55001,FALSE
55003,TRUE
55005,FALSE
55007,TRUE
55009,TRUE
55011,FALSE
55013,TRUE
55015,TRUE
55017,TRUE
55019,FALSE
55021,TRUE
55023,TRUE
55025,TRUE
55027,FALSE
55029,TRUE
55031,FALSE
55033,FALSE
55035,TRUE
55037,FALSE
55039,TRUE
55041,TRUE
55043,TRUE
55045,TRUE
55047,TRUE
55049,TRUE
55051,TRUE
55053,FALSE
55055,TRUE
55057,FALSE
55059,TRUE
55061,FALSE
55063,TRUE
55065,TRUE
55067,FALSE
55069,TRUE
55071,TRUE
55073,TRUE
55075,FALSE
55077,FALSE
55078,TRUE
55079,TRUE
55081,TRUE
55083,FALSE
55085,TRUE
55087,TRUE
55089,TRUE
55091,FALSE
55093,FALSE
55095,FALSE
55097,TRUE
55099,TRUE
55101,TRUE
55103,TRUE
55105,TRUE
55107,FALSE
55109,FALSE
55111,TRUE
55113,TRUE
55115,TRUE
55117,TRUE
55119,FALSE
55121,TRUE
55123,TRUE
55125,TRUE
55127,TRUE
55129,TRUE
55131,TRUE
55133,TRUE
55135,TRUE
55137,FALSE
55139,TRUE
55141,TRUE
56001,TRUE
56003,FALSE
56005,FALSE
56007,TRUE
56009,FALSE
56011,FALSE
56013,TRUE
56015,FALSE
56017,FALSE
56019,FALSE
56021,TRUE
56023,FALSE
56025,FALSE
56027,FALSE
56029,FALSE
56031,FALSE
56033,TRUE
56035,FALSE
56037,FALSE
56039,TRUE
56041,TRUE
56043,TRUE
56045,TRUE
